name,element number,lattice constants a,lattice constants b,lattice constants c,atomic radii (empirical),atomic radii (clementi),ionic radii (pauling),ionic radii (shannon),covalent radii,covalent radii (sigle bond),covalent radii (double bond),Van der Waals radius,metal radii (waber),valence electron distance (schubert),core electron distance (schubert),pseudo-potential radii (zunger),first ionization energy,second ionization energy,third ionization energy,electronic affinity,atomization enthalpy,vaporization enthalpy,fusion enthalpy,cohesive energy (Brewer),total energy,electron number,valence electron number,s,p,d,f,effective nuclear charge (slater),effective nuclear charge (clementi),periodic number,group number,electronegativity (martynov&batsanov),electronegativity (pauling),electronegativity (alfred-rochow),modulus compression,thermal conductivity,specific heat,temperature melting,temperature boiling,"atomic volume(villars,daams)","atomic weight(villars,daams)",atomic density,Orbital energy 1s,Orbital energy 2s,Orbital energy 2p,Orbital energy 3s,Orbital energy 3p,Orbital energy 3d,Orbital energy 4s,Orbital energy 4p,Orbital energy 4d,Orbital energy 4f,Orbital energy 5s,Orbital energy 5p,Orbital energy 5d,Orbital energy 5f,Orbital energy 6s,Orbital energy 6p,Orbital energy 6d,Orbital energy 6f,Orbital energy 7s,lowest energy of the atomic orbitals,2nd lowest energy of the atomic orbitals
abbrTex,n,$a$,$b$,$c$,$r_{ae}$,$r_{ac}$,$r_{ip}$,$r_{is}$,$r_{c}$,$r_{csb}$,$r_{cdb}$,$r_{vdw}$,$r_m$,$d_{ve}$,$d_{ce}$,$r_{pp}$,$IE_1$,$IE_2$,$IE_3$,$EA$,$H_a$,$H_v$,$H_f$,$E_{coh}$,$E_{tot}$,$e$,$VEC$,$s$,$p$,$d$,$f$,$N_{cs}$,$N_{cc}$,$N_p$,$N_g$,$\chi_m$,$\chi_p$,$\chi_a$,$E_p$,$T_c$,$H_s$,$T_m$,$T_b$,$V_a$,$m$,$\rho_a$,$OB_{1s}$,$OB_{2s}$,$OB_{2p}$,$OB_{3s}$,$OB_{3p}$,$OB_{3d}$,$OB_{4s}$,$OB_{4p}$,$OB_{4d}$,$OB_{4f}$,$OB_{5s}$,$OB_{5p}$,$OB_{5d}$,$OB_{5f}$,$OB_{6s}$,$OB_{6p}$,$OB_{6d}$,$OB_{6f}$,$OB_{7s}$,$E_{low}$,$E_{low2}$
abbr,n,a,b,c,rae,rac,rip,ris,rc,rcsb,rcdb,rvdw,rm,dve,dce,rpp,IE1,IE2,IE3,EA,Ha,Hv,Hf,Ecoh,Etot,e,VEC,s,p,d,f,Ncs,Ncc,Np,Ng,Xm,Xp,Xa,Ep,Tc,Hs,Tm,Tb,Va,m,rho_a,OB_1s,OB_2s,OB_2p,OB_3s,OB_3p,OB_3d,OB_4s,OB_4p,OB_4d,OB_4f,OB_5s,OB_5p,OB_5d,OB_5f,OB_6s,OB_6p,OB_6d,OB_6f,OB_7s,Elow,Elow2
H,1,4.7,4.7,3.4,0.25,0.53,,,0.31,0.32,,1.2,0.78,1.86,1.86,1.25,13.645,,,0.754195,2.267,0.005,0.006,2.3,1.121,1,1,1,0,0,0,1,1,1,1,2.1,2.2,2.2,0.002,0.1805,14.3,14,20.28,1.902,1.00794,0.0899,0.233471112,0,0,0,0,0,0,0,0,0,0,0,0,0,0,0,0,0,0,0.233,
He,2,4.242,4.242,4.242,,0.31,0.04,,0.28,0.46,,1.43,0.8,1.76,1.76,0.2,24.672,54.6,,-0.52,,0.001,0,0.01,,2,2,2,0,0,0,1.7,1.69,1,8,0.05,0.05,0.05,,0.1513,5.1931,0.95,4.22,1.906,4.0026,0.1785,0.570425274,0,0,0,0,0,0,0,0,0,0,0,0,0,0,0,0,0,0,0.57,
Li,3,3.51,3.51,3.51,1.45,1.67,0.6,0.76,1.28,1.33,1.24,2.12,1.562,3.06,1.75,1.61,5.41,75.899,122.876,0.618049,1.658,1.536,0.031,1.63,1.908,3,1,1,0,0,0,1.3,1.28,2,1,0.9,0.98,0.97,0.116,85,3.57,453,1620,2.162,6.941,535,0.193764093,0.011947206,0,0,0,0,0,0,0,0,0,0,0,0,0,0,0,0,0,0.012,0.194
Be,4,2.2858,2.2858,3.5843,1.05,1.12,0.3,0.45,0.96,1.02,0.9,1.98,1.128,1.8,1.33,1.08,9.354,18.273,154.419,-0.52,3.373,3.212,0.083,3.32,3.743,4,2,2,0,0,0,1.95,1.91,2,2,1.45,1.57,1.47,1.003,190,1.82,1550,3243,0.811,9.01218,1848,0.394030189,0.205751299,0,0,0,0,0,0,0,0,0,0,0,0,0,0,0,0,0,0.206,0.394
B,5,5.06,5.06,5.06,0.85,0.87,0.2,0.27,0.85,0.85,0.78,1.91,0.98,1.51,1.16,0.795,8.326,25.241,38.064,0.279723,5.852,5.247,0.52,5.77,6.678,5,3,2,1,0,0,2.6,2.42,2,3,1.9,2.04,2.01,1.78,27,1.03,2573,3931,0.789,10.811,2460,6.564350151,0.344701165,0.136603426,0,0,0,0,0,0,0,0,0,0,0,0,0,0,0,0,0.137,0.345
C,6,2.464,2.464,6.711,0.7,0.67,0.15,0.16,0.76,0.75,0.67,1.77,0.916,1.41,1,0.64,11.299,24.471,48.048,1.2621226,7.454,7.393,1.092,7.37,9.224,6,4,2,2,0,0,3.25,3.14,2,4,2.37,2.55,2.5,5.45,140,0.71,3820,5100,0.882,12.0107,2260,9.947722775,0.500884248,0.199186096,0,0,0,0,0,0,0,0,0,0,0,0,0,0,0,0,0.199,0.501
N,7,3.861,3.861,6.265,0.65,0.56,0.12,0.16,0.71,0.71,0.6,1.66,0.88,1.33,1.03,0.54,14.584,29.702,47.611,-0.000725,4.916,0.058,0.004,4.92,4.634,7,5,2,3,0,0,3.9,3.83,2,5,2.85,3.04,3.07,0.012,0.02583,1.04,63,77.4,1.289,14.0067,1.251,14.01150773,0.677510326,0.266810848,0,0,0,0,0,0,0,0,0,0,0,0,0,0,0,0,0.267,0.678
O,8,5.403,3.429,5.086,0.6,0.48,0.1,0.1,0.66,0.63,0.57,1.5,0.89,1.2,0.85,0.465,13.665,35.235,55.12,1.4611136,2.592,0.071,0.002,2.6,4.935,8,6,2,4,0,0,4.55,4.45,2,6,3.32,3.44,3.5,0.011,0.02658,0.919,55,90.19,1.736,15.9994,1.429,1.910246277,0.871363138,0.338381162,0,0,0,0,0,0,0,0,0,0,0,0,0,0,0,0,0.338,0.871
F,9,5.5,3.28,7.28,0.5,0.42,0.09,0.8,0.57,0.64,0.59,1.46,0.75,1.16,0.83,0.405,17.482,35.09,62.92,3.4011898,0.822,0.034,0.003,0.84,1.151,9,7,2,5,0,0,5.2,5.1,2,7,3.78,3.98,4.1,0.011,0.0277,0.824,54,85.01,1.855,18.9994,1.696,24.18968233,0.151390145,0.415606199,0,0,0,0,0,0,0,0,0,0,0,0,0,0,0,0,0.151,0.416
Ne,10,4.429,4.429,4.429,,0.38,0.06,,0.58,0.67,0.96,1.58,0.7,1.1,0.79,0.36,21.638,41.101,63.669,-1.2,,0.018,0.004,0.02,,10,8,2,6,0,0,5.85,5.76,2,8,0.05,0.05,,0.01,0.0491,1.03,25,27.1,2.221,20.1797,0.9,30.30816455,1.322809642,0.498034239,0,0,0,0,0,0,0,0,0,0,0,0,0,0,0,0,0.498,1.323
Na,11,4.2906,4.2906,4.2906,1.8,1.9,0.96,1.02,1.66,1.55,1.6,2.5,1.911,3.73,1.07,2.65,5.156,47.445,71.885,0.547926,1.116,1.032,0.027,1.11,1.313,11,1,1,0,0,0,2.2,2.51,3,1,0.89,0.93,1.01,0.068,140,1.23,371,1156.1,3.926,22.9897,968,37.72005618,2.063770998,0.124636132,0.10341505,0,0,0,0,0,0,0,0,0,0,0,0,0,0,0,0.103,0.125
Mg,12,3.2094,3.2094,5.2108,1.5,1.45,0.63,0.72,1.41,1.39,1.32,2.51,1.602,2.3,1.09,2.03,7.672,15.09,80.423,-0.415,1.536,1.327,0.09,1.51,1.594,12,2,2,0,0,0,2.85,3.31,3,2,1.31,1.31,1.23,0.354,160,1.02,922,1363,2.324,24.305,1738,4.601969209,2.904341394,1.718970825,0.175427156,0,0,0,0,0,0,0,0,0,0,0,0,0,0,0,0.175,1.719
Al,13,4.0495,4.0495,4.0495,1.25,1.18,0.5,0.535,1.21,1.26,1.13,2.25,1.432,2.01,1.25,1.675,6.007,18.897,28.548,0.43283,3.395,3.024,0.111,3.39,3.748,13,3,2,1,0,0,3.5,4.07,3,3,1.64,1.61,1.47,0.722,235,0.904,933,2740,1.66,26.9815,2700,5.548046663,3.934828889,2.564037238,0.286883498,0.102644049,0,0,0,0,0,0,0,0,0,0,0,0,0,0,0.103,0.287
Si,14,5.4309,5.4309,5.4309,1.1,1.11,0.42,0.4,1.11,1.16,1.07,2.19,1.319,1.91,1.18,1.42,8.18,16.401,33.613,1.3895212,4.738,3.986,0.522,4.63,5.425,14,4,2,2,0,0,4.15,4.29,3,4,1.98,1.9,1.74,0.988,150,0.71,1683,2628,2.002,28.0855,2330,65.18445729,5.075058436,3.514940407,0.398139191,0.153293074,0,0,0,0,0,0,0,0,0,0,0,0,0,0,0.153,0.398
P,15,11.45,5.503,11.261,1,0.98,0.36,0.44,1.07,1.11,1.02,1.9,1.28,1.54,1.09,1.24,10.522,19.791,30.285,0.746607,3.272,0.54,0.007,3.43,5.405,15,5,2,3,0,0,4.8,4.89,3,5,2.32,2.19,2.06,0.304,0.236,0.7697,317,553,1.899,30.9738,1823,76.06193351,0.713436342,0.463770223,0.512364246,0.206080099,0,0,0,0,0,0,0,0,0,0,0,0,0,0,0.206,0.464
S,16,10.437,12.845,24.369,1,0.88,0.32,0.37,1.05,1.03,0.94,1.89,1.27,1.44,1.03,1.1,10.396,23.41,34.954,2.0771042,2.9,0.1,0.018,2.85,4.128,16,6,2,4,0,0,5.45,5.48,3,6,2.65,2.58,2.44,0.178,0.205,0.705,386,717.82,2.552,32.065,1960,87.79007814,0.773540371,5.756909963,0.069312033,0.261676126,0,0,0,0,0,0,0,0,0,0,0,0,0,0,0.069,0.262
Cl,17,6.2235,4.4561,8.1785,1,0.79,0.28,0.27,1.02,0.99,0.95,1.82,0.91,1.41,1,1.01,13.011,23.889,39.749,3.612724,1.266,0.212,0.033,1.4,1.8,17,7,2,5,0,0,6.1,6.12,3,7,2.98,3.16,2.83,0.02,0.0089,0.4782,172,238.6,2.886,35.453,3.214,10.04523418,9.18807841,7.039985379,0.754461962,0.04012002,0,0,0,0,0,0,0,0,0,0,0,0,0,0,0.04,0.754
Ar,18,5.256,5.256,5.256,,0.71,0.2,,1.06,0.96,1.07,1.83,0.8,1.33,0.92,0.92,15.813,27.726,40.882,-1,,0.068,0.012,0.08,,18,8,2,6,0,0,6.75,6.76,3,8,0.05,0.05,,0.016,0.01772,0.52033,84,87.3,3.756,39.948,1.784,20.2001977,1.434280688,8.443443053,0.883456425,0.382330184,0,0,0,0,0,0,0,0,0,0,0,0,0,0,0.382,0.883
K,19,5.328,5.328,5.328,2.2,2.43,1.33,1.38,2.03,1.96,1.93,2.73,2.376,4.6,1.32,3.69,4.356,31.73,45.874,0.501459,0.928,0.823,0.024,0.93,1.106,19,1,1,0,0,0,2.2,3.5,4,1,0.8,0.82,0.91,0.032,100,0.757,337,1047,7.572,39.0983,856,128.4150204,12.83900716,10.28385594,1.281897615,0.694641053,0,0.088815403,0,0,0,0,0,0,0,0,0,0,0,0,0.089,0.695
Ca,20,5.5884,5.5884,5.5884,1.8,1.94,0.96,1,1.76,1.71,1.47,2.62,1.974,2.7,1.25,3,6.134,11.908,51.085,0.02455,1.853,1.566,0.089,1.84,1.997,20,2,2,0,0,0,2.85,4.4,4,2,1.17,1,1.04,0.152,200,0.631,1111,1757,4.633,40.078,1550,143.9352501,15.04691222,12.2853819,1.713180822,1.039320499,0,0.141411068,0,0,0,0,0,0,0,0,0,0,0,0,0.141,1.039
Sc,21,3.309,3.309,5.2733,1.6,1.84,0.8,0.745,1.7,1.48,1.16,2.58,1.941,2.21,1.1,2.75,6.562,12.844,24.846,0.188,3.929,3.911,0.166,3.9,6.335,21,3,2,0,1,0,3,4.63,4,3,1.5,1.36,1.2,0.435,16,0.567,1812,3104,2.5,44.9559,2985,16.04011671,17.20647226,14.24001284,1.988396962,1.233165592,0.131440063,0.160780077,0,0,0,0,0,0,0,0,0,0,0,0,0.131,0.161
Ti,22,2.9508,2.9508,4.6855,1.4,1.76,0.68,0.86,1.6,1.36,1.17,2.46,1.462,1.81,0.91,2.58,6.843,13.624,27.591,0.084,4.887,4.425,0.194,4.85,7.897,22,4,2,0,2,0,3.15,4.82,4,4,1.86,1.54,1.32,1.051,21.9,0.52,1933,3560,1.764,47.867,4507,18.15665712,1.954703739,16.28534689,2.258013484,1.422947683,0.170010082,0.173460083,0,0,0,0,0,0,0,0,0,0,0,0,0.17,0.173
V,23,3.03,3.03,3.03,1.35,1.71,0.65,0.79,1.53,1.34,1.12,2.42,1.346,1.61,0.86,2.43,6.763,14.706,29.411,0.52766,5.348,4.781,0.237,5.31,9.087,23,5,2,0,3,0,3.3,4.98,4,5,2.22,1.63,1.45,1.619,30.7,0.489,2163,3650,1.392,50.9415,6110,195.2241084,3.095347493,18.43519785,2.526905213,1.610517493,0.204634098,0.175968084,0,0,0,0,0,0,0,0,0,0,0,0,0.176,0.205
Cr,24,2.91,2.91,2.91,1.4,1.66,0.62,0.8,1.39,1.22,1.11,2.45,1.36,1.33,0.84,2.44,6.789,16.557,31.065,0.67584,4.125,3.555,0.213,4.1,9.637,24,6,2,0,5,0,3.35,5.13,4,6,2,1.66,1.56,1.901,94,0.448,2130,2945,1.2,51.9961,7140,26.68120381,24.11362157,20.52638185,2.649086272,1.660440798,0.118123129,0.150445072,0,0,0,0,0,0,0,0,0,0,0,0,0.118,0.15
Mn,25,8.9125,8.9125,8.9125,1.4,1.61,0.6,0.67,1.39,1.19,1.05,2.45,1.304,1.26,0.79,2.22,7.461,15.694,33.779,-0.52,2.919,2.293,0.137,2.92,9.159,25,7,1,0,5,0,3.6,5.23,4,7,2.04,1.55,1.6,0.596,7.8,0.479,1518,2235,1.22,54.938,7470,23.37772323,26.8666589,23.06630808,3.076684197,1.991450956,0.266540128,0.191136092,0,0,0,0,0,0,0,0,0,0,0,0,0.191,0.267
Fe,26,2.8665,2.8665,2.8665,1.4,1.56,0.59,0.645,1.32,1.16,1.09,2.44,1.274,1.16,0.73,2.11,7.897,16.234,30.753,0.153236,4.33,3.538,0.144,4.28,8.46,26,8,2,0,6,0,3.75,5.43,4,8,1.67,1.83,1.64,1.683,80,0.449,1808,3023,1.178,55.8445,7874,254.225726,29.56487419,25.55237227,3.360622613,0.221923107,0.295148142,0.201380097,0,0,0,0,0,0,0,0,0,0,0,0,0.201,0.222
Co,27,2.5071,2.5071,4.0695,1.35,1.52,0.62,0.745,1.26,1.11,1.03,2.4,1.252,1.14,0.71,2.02,7.887,17.118,33.613,0.66226,4.417,3.977,0.168,4.39,7.11,27,9,2,0,7,0,3.9,5.58,4,9,1.72,1.88,1.7,1.914,100,0.421,1768,3143,1.108,58.9332,8900,27.5766526,32.37977354,2.880096382,3.651813753,2.388286146,0.041568027,0.204497105,0,0,0,0,0,0,0,0,0,0,0,0,0.042,0.204
Ni,28,3.524,3.524,3.524,1.35,1.49,0.59,0.69,1.24,1.1,1.01,2.4,1.246,2.9,1.13,2.18,7.662,18.231,35.287,1.15716,4.469,3.898,0.179,4.44,5.778,28,10,2,0,8,0,4.05,5.71,4,10,1.76,1.91,1.75,1.86,91,0.445,1726,3005,1.093,58.6934,8908,297.870967,35.31212895,30.87548482,3.950718896,2.594159245,0.348699167,0.023564011,0,0,0,0,0,0,0,0,0,0,0,0,0.024,0.349
Cu,29,3.6149,3.6149,3.6149,1.35,1.45,0.96,0.77,1.32,1.12,1.15,2.38,1.278,2.55,1.12,2.04,7.752,20.363,36.962,1.23578,3.518,3.19,0.136,3.49,4.099,29,11,1,0,10,0,4.2,5.84,4,11,1.08,1.9,1.75,1.37,400,0.3844,1356,2840,1.181,63.546,8920,39.9932192,38.14132831,33.48132614,0.407053195,0.269244129,0.202272169,0.172056083,0,0,0,0,0,0,0,0,0,0,0,0,0.172,0.202
Zn,30,2.6649,2.6649,4.9468,1.35,1.42,0.78,0.74,1.22,1.18,1.2,2.39,1.394,2.21,1.25,1.88,9.427,18.023,39.863,-0.62,1.359,1.188,0.076,1.35,1.273,30,12,2,0,10,0,4.35,5.97,4,12,1.44,1.65,1.66,0.598,116,0.388,693,1180,1.521,65.409,7140,34.49857256,41.53134294,36.64878259,4.573043267,0.307963148,0.398944191,0.222725107,0,0,0,0,0,0,0,0,0,0,0,0,0.223,0.308
Ga,31,4.5197,7.6633,4.526,1.3,1.36,0.63,0.62,1.22,1.24,1.17,2.32,1.411,2,1.38,1.695,6.02,20.582,30.815,0.43,2.881,2.811,0.058,2.81,3.037,31,3,2,1,0,0,5,6.22,4,3,1.7,1.81,1.82,0.569,29,0.371,303,2676,1.947,69.723,5904,370.1708798,45.20089106,40.09335824,0.566100272,3.584667728,0.081004039,0.328046157,0.101634049,0,0,0,0,0,0,0,0,0,0,0,0.081,0.102
Ge,32,5.6575,5.6575,5.6575,1.25,1.25,0.53,0.73,1.2,1.21,1.11,2.29,1.369,1.99,1.22,1.56,7.926,15.985,34.341,1.2326764,3.917,3.407,0.331,3.85,4.623,32,4,2,2,0,0,5.65,6.78,4,4,1.99,2.01,2.02,0.772,60,0.3214,1211,3103,2.264,72.64,5323,39.68592905,49.05530915,4.408131116,5.961474862,0.450822216,0.181316159,0.427630205,0.149882144,0,0,0,0,0,0,0,0,0,0,0,0.15,0.181
As,33,3.7598,3.7598,10.5475,1.15,1.14,0.46,0.58,1.19,1.21,1.14,1.88,1.39,1.86,1.15,1.415,9.844,18.699,28.444,0.8048,3.146,0.332,0.288,2.96,4.658,33,5,2,3,0,0,6.3,7.45,4,5,2.27,2.18,2.2,0.394,50,0.328,1090,889,2.152,74.9216,5727,4.944660373,5.357502644,47.52789217,6.730758303,4.85172913,1.542767813,0.055670027,0.197596095,0,0,0,0,0,0,0,0,0,0,0,0.056,0.198
Se,34,9.054,9.083,11.601,1.15,1.03,0.41,0.5,1.2,1.16,1.07,1.82,1.4,1.77,1.04,1.285,9.785,21.268,30.93,2.0206047,2.362,0.936,0.056,2.25,3.489,34,6,2,4,0,0,6.95,8.29,4,6,2.54,2.55,2.48,0.091,0.52,0.3212,490,958.1,2.727,78.96,4819,451.3004746,5.738350826,51.51502473,7.547279623,5.553521466,2.011752966,0.621248298,0.245806119,0,0,0,0,0,0,0,0,0,0,0,0.246,0.621
Br,35,6.7265,4.6451,8.7023,1.1,0.94,0.37,0.39,1.2,1.14,1.09,1.86,1.17,1.6,1.01,1.2,11.855,21.871,36.119,3.363588,1.164,0.317,0.06,1.22,1.629,35,7,2,5,0,0,7.6,9.03,4,7,2.83,2.96,2.74,0.025,0.12,0.9473,266,331.9,3.277,79.904,3120,480.1836212,61.71005162,55.67798673,0.921057449,0.682805328,2.522165211,0.720066346,0.295334142,0,0,0,0,0,0,0,0,0,0,0,0.295,0.683
Kr,36,5.706,5.706,5.706,,0.88,0.3,,1.16,1.17,1.21,2.25,0.95,1.41,1.02,1.16,14.047,24.44,37.076,-0.62,,0.094,0.017,0.12,,36,8,2,6,0,0,8.25,9.77,4,8,0.05,3,,0.018,0.00943,0.24805,117,120.85,4.903,83.798,3.75,51.34301364,66.28598482,6.010130892,9.315196471,7.087303402,3.074110836,0.820700394,0.346520238,0,0,0,0,0,0,0,0,0,0,0,0.347,0.821
Rb,37,5.585,5.585,5.585,2.35,2.65,1.49,1.52,2.2,2.1,2.02,3.21,2.546,4.9,1.43,4.1,4.191,27.373,40.134,0.485916,0.841,0.787,0.023,0.85,0.969,37,1,1,0,0,0,2.2,4.98,5,1,0.8,0.82,0.89,0.031,58,0.364,312,961,9.284,85.4678,1532,54.23781603,71.29123622,64.7847091,0.124261067,8.165419919,3.915509879,0.199051096,0.592170291,0,0,0.086230041,0,0,0,0,0,0,0,0,0.086,0.124
Sr,38,6.0849,6.0849,6.0849,2,2.19,1.11,1.18,1.95,1.85,1.57,2.84,2.151,2.92,1.39,3.21,5.715,11.066,43.753,0.05206,1.71,1.606,0.083,1.72,1.686,38,2,2,0,0,0,2.85,6.07,5,2,1.13,0.95,0.99,0.116,35,0.3,1043,1657,5.632,87.62,2630,58.07029587,76.49185979,7.033990096,11.77159066,9.302798065,4.81350031,1.455317699,0.845380406,0,0,0.131793423,0,0,0,0,0,0,0,0,0.132,0.845
Y,39,3.6474,3.6474,5.7306,1.8,2.12,0.93,0.9,1.9,1.63,1.3,2.75,1.801,2.42,1.22,2.94,6.402,12.282,20.592,0.307,4.382,3.821,0.119,4.37,6.467,39,3,2,0,1,0,3,6.26,5,3,1.41,1.22,1.11,0.366,17.2,0.298,1796,3611,3.318,88.9058,4472,605.6322717,81.78914133,74.80323698,12.99222324,10.39993099,5.671501723,1.697124815,1.025300492,0.015096407,0,0.150727144,0,0,0,0,0,0,0,0,0.015,0.151
Zr,40,3.232,3.232,5.147,1.55,2.06,0.8,0.72,1.75,1.54,1.27,2.52,1.602,1.96,0.98,2.825,6.864,13.177,23.067,0.4333,6.332,5.894,0.218,6.25,8.548,40,4,2,0,2,0,3,6.45,5,4,1.7,1.33,1.22,0.833,22.7,0.278,2125,4650,2.328,91.224,6511,63.93375789,87.23710747,80.0100814,14.23051083,1.218415585,6.544646141,1.918971922,1.195570574,0.150673072,0,0.162391078,0,0,0,0,0,0,0,0,0.151,0.162
Nb,41,3.3004,3.3004,3.3004,1.45,1.98,0.77,0.72,1.64,1.47,1.25,2.56,1.468,1.75,0.95,2.76,6.904,14.373,25.126,0.9174,7.549,7.074,0.279,7.57,10.113,41,5,1,0,4,0,3.3,6.7,5,5,2.03,1.6,1.23,1.702,54,0.265,2741,5015,1.807,92.90364,8570,673.7628534,92.74094052,85.27221593,1.54093314,1.326300637,0.787839378,2.036693978,0.126850862,0.129320062,0,0.144272789,0,0,0,0,0,0,0,0,0.127,0.129
Mo,42,3.147,3.147,3.147,1.45,1.9,0.75,0.69,1.54,1.38,1.21,2.45,1.4,1.46,0.9,2.72,7.123,16.203,27.258,0.7473,6.844,6.135,0.374,6.82,10.862,42,6,1,0,5,0,3.45,6.98,5,6,1.94,2.16,1.3,2.725,139,0.251,2890,4885,1.558,95.94,10280,709.2324648,98.50402728,90.79158458,1.705545819,13.71481666,8.258813964,2.23482508,1.390050667,0.153347434,0,0.147880143,0,0,0,0,0,0,0,0,0.148,0.153
Tc,43,2.735,2.735,4.388,1.35,1.83,0.72,0.645,1.47,1.28,1.2,2.44,1.36,1.35,0.86,2.65,7.305,15.309,29.64,0.55,7.051,6.086,0.239,6.85,10.359,43,7,2,0,5,0,3.6,7.23,5,7,2.18,1.9,1.36,2.97,51,0.063,2445,5150,1.43,97.907,11500,74.63005982,1.607515972,96.61025637,18.1353117,15.04183522,9.345804486,2.550785225,1.64620079,0.270262202,0,0.183636808,0,0,0,0,0,0,0,0,0.184,0.27
Ru,44,2.7059,2.7059,4.2815,1.3,1.78,0.69,0.68,1.46,1.25,1.14,2.46,1.339,1.29,0.83,2.605,7.395,16.817,28.569,1.04638,6.684,5.897,0.267,6.74,9.266,44,8,1,0,7,0,3.75,7.45,5,8,1.97,2.2,1.42,3.208,120,0.238,2583,4173,1.357,101.07,12370,78.29785858,16.9360622,102.3336981,19.3667013,16.14522475,1.022868492,2.628364262,0.169949082,0.023175011,0,0.152834073,0,0,0,0,0,0,0,0,0.023,0.153
Rh,45,3.8034,3.8034,3.8034,1.35,1.73,0.75,0.665,1.42,1.25,1.1,2.44,1.345,1.24,0.78,2.52,7.486,18.138,31.169,1.14289,5.792,5.141,0.226,5.75,7.357,45,9,1,0,8,0,3.9,7.64,5,9,1.99,2.28,1.45,2.704,150,0.24,2239,4000,1.367,102.905,12450,821.1371671,116.8070061,14.76410709,20.76561297,17.41530743,1.857250963,2.825506363,1.806456868,0.241420116,0,0.154624075,0,0,0,0,0,0,0,0,0.155,0.241
Pd,46,3.8907,3.8907,3.8907,1.4,1.69,0.85,0.86,1.39,1.2,1.17,2.15,1.376,3.2,1.24,2.45,8.369,19.5,33.041,0.56214,3.933,3.76,0.174,3.89,5.178,46,10,0,0,10,0,4.05,7.84,5,10,2.08,2.2,1.35,1.808,72,0.24,1825,3413,1.469,106.42,12023,86.06295031,123.1076398,0.122686131,22.0609266,18.58080692,12.13220318,2.889741387,1.815216231,0.160771077,0,0,0,0,0,0,0,0,0,0,0.123,0.161
Ag,47,4.0853,4.0853,4.0853,1.6,1.65,1.12,1.15,1.45,1.28,1.39,2.53,1.445,2.9,1.3,2.375,7.602,21.57,34.954,1.30447,2.96,2.68,0.118,2.95,2.832,47,11,1,0,10,0,4.2,8.03,5,11,1.07,1.93,1.42,1.007,430,0.235,1234,2485,1.706,107.868,10490,900.3251002,129.8598697,120.913409,23.67844837,20.06764035,13.36780942,0.415090199,0.027402733,0.298706215,0,0.157407076,0,0,0,0,0,0,0,0,0.027,0.157
Cd,48,2.9794,2.9794,5.6186,1.55,1.61,0.93,0.95,1.44,1.36,1.44,2.49,1.568,2.4,1.39,2.215,9.024,16.962,37.606,-0.725,1.165,1.04,0.066,1.16,0.915,48,12,2,0,10,0,4.35,8.19,5,12,1.4,1.69,1.46,0.467,97,0.23,594,1038,2.144,112.411,8650,99.07728756,136.8325737,127.6359013,2.54150922,0.296812142,14.68932705,3.596070726,0.242460116,0.470530226,0,0.204228818,0,0,0,0,0,0,0,0,0.204,0.242
In,49,3.2523,3.2523,4.9461,1.55,1.56,0.76,0.8,1.42,1.42,1.36,2.43,1.663,2.3,1.49,2.05,5.806,18.938,28.132,0.3,2.53,2.411,0.034,2.52,2.722,49,3,2,1,0,0,5,8.47,5,3,1.63,1.78,1.49,0.411,82,0.233,430,2353,2.617,114.11,7310,983.6479262,144.0784262,134.6365146,27.22061307,23.34578921,16.14045175,0.412239198,2.795833342,0.075281036,0,0.290497499,0.101782121,0,0,0,0,0,0,0,0.075,0.102
Sn,50,5.8318,5.8318,3.1819,1.45,1.45,0.65,0.69,1.39,1.4,1.3,2.42,1.623,2.3,1.41,1.88,7.369,14.685,30.607,1.11207,3.142,3.08,0.073,3.14,4.009,50,4,2,2,0,0,5.65,9.1,5,4,1.88,1.96,1.72,1.11,66.6,0.217,505,2543,2.705,118.71,7310,1026.762662,151.5240637,141.8211611,0.297169143,25.11792506,17.65728448,4.546337182,0.403998194,1.004952482,0,0.369349177,0.144450077,0,0,0,0,0,0,0,0.144,0.297
Sb,51,4.307,4.307,11.273,1.45,1.33,0.57,0.76,1.39,1.4,1.33,2.47,1.59,2.15,1.32,1.765,8.67,16.588,25.386,1.047401,2.728,1.724,0.205,2.75,4.128,51,5,2,3,0,0,6.3,9.99,5,5,2.14,2.05,1.82,0.383,24,0.207,904,1908,2.997,121.76,6697,134.8235597,15.96375273,149.214348,3.111843494,26.95626894,19.2399046,5.049643144,0.370579178,1.297342223,0,0.445605214,0.185623089,0,0,0,0,0,0,0,0.186,0.371
Te,52,4.4572,4.4572,5.929,1.4,1.23,0.51,0.97,1.38,1.36,1.28,1.99,1.6,1.82,1.24,1.67,9.04,18.668,28.059,1.970875,2.046,1.088,0.182,2.23,3.142,52,6,2,4,0,0,6.95,10.81,5,6,2.38,2.1,2.01,0.23,3,0.201,723,1263,3.394,127.76,6240,179.8319107,17.26178429,16.40859088,33.13750091,28.86686386,0.295801502,5.572902675,4.100085968,1.608383573,0,0.06197003,0.226594109,0,0,0,0,0,0,0,0.062,0.227
I,53,7.1802,4.7102,9.8103,1.4,1.15,0.46,0.95,1.39,1.33,1.29,2.04,1.39,1.69,1.17,1.585,10.487,19.198,33.114,3.0590465,1.111,0.433,0.081,1.11,1.519,53,7,2,5,0,0,7.6,11.61,5,7,2.76,2.66,2.21,0.03,0.449,0.429,387,457.5,4.263,126.904,4940,116.1815028,175.075724,164.6038677,35.24336792,30.831114,22.60070385,6.121312938,4.572524195,1.93817993,0,0.596366286,0.267904129,0,0,0,0,0,0,0,0.268,0.596
Xe,54,6.2023,6.2023,6.2023,,1.08,0.4,,1.4,1.31,1.35,2.06,1.1,1.54,1.1,1.56,12.172,21.278,32.209,-0.83,,0.132,0.024,0.16,,54,8,2,6,0,0,8.25,12.42,5,8,0.05,2.6,,0.02,0.00569,0.15832,161,166.1,6.401,131.293,5.9,120.8787887,183.327583,172.5996658,37.41547268,3.289443579,24.38445171,6.678350406,5.064218431,2.28666717,0,0.672086323,0.309835149,0,0,0,0,0,0,0,0.31,0.672
Cs,55,6.141,6.141,6.141,2.6,2.98,1.65,1.67,2.44,2.32,2.09,3.48,2.731,5.45,1.55,4.31,3.907,23.182,35.121,0.47163,0.791,0.692,0.022,0.8,0.859,55,1,1,0,0,0,2.2,6.36,6,1,0.77,0.79,0.86,0.02,36,0.242,302,951.6,11.579,132.905,1879,13.35639741,191.9819652,18.1313527,39.85161033,35.16643988,2.644053269,7.455970299,5.769328769,2.848387367,0,0.921390443,0.504903242,0,0,0.078699038,0,0,0,0,0.079,0.505
Ba,56,5.028,5.028,5.028,2.15,2.53,1.26,1.35,2.15,1.96,1.61,3.03,2.243,3.35,1.44,3.402,5.23,10.036,36.878,0.14462,1.872,1.569,0.083,1.9,1.925,56,2,2,0,0,0,2.85,7.58,6,2,1.08,0.89,0.97,0.103,18,0.205,998,1910,6.299,137.327,3510,1305.743885,200.8445404,18.9656921,4.921542362,3.840959844,28.52894669,8.257064971,6.497625119,0.347613767,0,1.157159555,0.698605335,0,0,0.118967057,0,0,0,0,0.119,0.348
La,57,3.772,3.772,12.144,1.95,2.47,1.06,1.032,2.07,1.8,1.39,2.98,1.877,2.42,1.34,3.08,5.596,11.097,19.25,0.47163,4.482,4.182,0.066,4.47,4.927,57,3,2,0,1,0,2.85,9.31,6,3,1.35,1.1,1.08,0.243,13,0.195,1193,3730,3.741,138.906,6146,138.8225126,22.63792087,20.48525319,44.85669153,39.89585715,30.6267107,9.00054732,7.168124161,0.401210193,0,1.324936637,0.824498396,0.141085068,0,0.132233063,0,0,0,0,0.132,0.141
Ce,58,3.62,3.62,5.99,1.85,2.47,1.05,1.1,2.04,1.63,1.37,2.88,1.715,2.4,1.23,4.5,5.489,10.889,20.176,0.65,4.399,4.139,0.057,4.32,5.934,58,3,2,0,1,1,2.85,10.8,6,3,1.1,1.12,1.06,0.239,11,0.192,1071,3699,3.478,140.116,6689,140.6763515,22.12485262,206.9252473,47.03530558,4.498284159,32.41258457,1.008744484,7.532199615,0.448548215,0.337442162,1.370160658,0.850110408,0.140550075,0,0.133974064,0,0,0,0,0.134,0.141
Pr,59,3.6725,3.6725,11.8354,1.85,2.47,1.04,0.99,2.03,1.76,1.38,2.92,1.828,2.39,1.2,4.48,5.439,10.587,21.736,0.962,3.698,3.713,0.072,3.7,4.777,59,3,2,0,0,3,2.85,7.75,6,3,1.1,1.13,1.07,0.306,13,0.193,1204,3785,3.456,140.908,6640,146.9381645,227.4264722,28.21832654,4.932996368,4.381162103,3.400397632,0.967030464,7.615883656,4.154229994,0.155138074,1.296106622,0.778046373,0,0,0.12446506,0,0,0,0,0.124,0.155
Nd,60,3.658,3.658,11.799,1.85,2.06,1.03,0.983,2.01,1.74,1.37,2.95,1.821,2.37,1.17,3.99,5.509,10.754,22.131,1.916,3.407,3.411,0.074,3.4,4.765,60,3,2,0,0,4,2.85,9.31,6,3,1.2,1.14,1.07,0.327,17,0.19,1294,3341,3.418,144.24,7010,1509.699685,236.6141536,224.3519237,51.16128756,4.609102213,35.75453216,10.0008958,7.967823825,0.445827286,0.179544086,1.334938241,0.798503383,0,0,0.134760065,0,0,0,0,0.135,0.18
Pm,61,3.654,3.654,3.654,1.85,2.05,1.02,0.97,1.99,1.73,1.35,2.9,1.81,2.35,1.13,3.99,5.569,10.941,22.256,0.129,3.12,2.6,0.08,3,4.747,61,3,2,0,0,5,2.85,9.4,6,3,1.15,1.15,1.07,0.35,15,0.19,1441,3000,3.36,144.91,7264,158.9803603,245.9719988,233.4558921,53.42933665,4.865242335,37.62555006,0.126763261,0.088150042,4.599002208,0.200164496,1.372265659,0.817702393,0,0,0.127053061,0,0,0,0,0.088,0.127
Sm,62,3.621,3.621,26.25,1.85,2.38,1.01,0.958,1.98,1.72,1.34,2.87,1.802,2.33,1.11,4.14,5.649,11.107,23.764,0.162,2.15,1.714,0.088,2.14,4.716,62,3,2,0,0,6,2.85,8.01,6,3,1.2,1.17,1.07,0.294,13,0.196,1345,2064,3.318,150.36,7353,1617.184796,255.4989687,242.7298426,55.73115975,50.08428411,0.403856914,1.484667713,8.672690964,4.814980311,0.030560015,1.408552677,0.087187042,0,0,0.128259062,0,0,0,0,0.031,0.087
Eu,63,4.581,4.581,4.581,1.85,2.31,1.01,1.17,1.98,1.68,1.34,2.83,1.799,2.29,1.1,3.94,5.69,11.294,25.22,0.864,1.823,1.83,0.097,1.86,10.27,63,3,2,0,0,7,2.85,8.11,6,3,1.15,1.15,1.01,0.147,14,0.182,1095,1870,4.813,151.964,5244,174.7094059,265.1996613,252.176818,58.06815587,5.481989631,41.47203591,1.907747916,9.025459332,5.032422416,0.232774912,1.444087693,0.860550414,0,0,0.129426782,0,0,0,0,0.129,0.233
Gd,64,3.636,3.636,5.7826,1.8,2.33,1,0.938,1.96,1.69,1.35,2.79,1.802,2.22,1.09,3.91,6.161,12.334,20.79,0.137,4.134,3.13,0.104,4.14,14.083,64,3,2,0,1,7,2.85,8.22,6,3,1.1,1.2,1.11,0.383,11,0.24,1585,3539,3.31,157.25,7901,1728.62603,275.3632658,2.622417259,60.76443717,54.83703832,4.442558132,11.98649183,9.669871362,5.532512656,0.491280236,1.608477772,0.97879519,0.127220062,0,0.143654069,0,0,0,0,0.127,0.144
Tb,65,3.601,3.601,5.6936,1.75,2.25,0.99,0.923,1.94,1.68,1.35,2.87,1.782,2.2,1.08,3.89,5.87,11.565,22.069,1.165,4.042,4.066,0.112,4.05,4.578,65,3,2,0,0,9,2.85,8.3,6,3,1.2,1.2,1.1,0.399,11,0.182,1633,3396,3.213,158.925,8219,1785.332799,285.1211517,271.5907154,6.691566212,5.680190734,45.44409181,12.12049182,9.735641674,5.467664696,0.256311123,1.513678727,0.887284426,0,0,0.131677063,0,0,0,0,0.132,0.256
Dy,66,3.593,3.593,5.6537,1.75,2.28,0.98,1.7,1.92,1.67,1.33,2.81,1.773,2.18,1.07,3.67,5.951,11.71,23.192,0.352,3.02,3.047,0.115,3.04,4.6,66,3,2,0,0,10,2.85,8.34,6,3,1.15,1.22,1.1,0.384,11,0.167,1680,2835,3.152,162.5,8551,1843.23047,295.3429978,28.83854485,65.29947334,59.09195936,47.48942279,1.319257033,1.014891494,5.686354729,0.266227328,1.547977744,0.903494034,0,0,0.132769064,0,0,0,0,0.133,0.266
Ho,67,3.5773,3.5773,5.6158,1.75,2.26,0.97,0.91,1.92,1.66,1.33,2.83,1.766,2.19,1.04,3.65,6.04,11.846,23.098,0.338,3.128,3.151,0.177,3.14,4.578,67,3,2,0,0,11,2.85,8.44,6,3,1.2,1.23,1.1,0.397,16,0.165,1743,2968,3.112,164.93,8795,1902.053433,305.7491068,29.62100822,67.78552454,6.212306989,49.56601979,12.98602623,0.159303076,5.906512835,0.272677132,1.582088759,0.920394042,0,0,0.133845064,0,0,0,0,0.134,0.159
Er,68,3.5588,3.5588,5.5874,1.75,2.26,0.96,0.89,1.89,1.65,1.33,2.79,1.757,2.15,1.02,3.63,6.121,11.97,22.953,0.312,3.298,2.912,0.207,3.29,4.567,68,3,2,0,0,12,2.85,8.48,6,3,1.2,1.24,1.11,0.411,15,0.168,1795,3136,3.064,167.259,9066,1961.800118,35.51064805,3.059871469,7.036599378,63.81954063,51.68217417,1.349147655,0.149174072,6.127445941,0.278577134,1.616073776,0.935202449,0,0,0.134905065,0,0,0,0,0.135,0.149
Tm,69,3.5375,3.5375,5.5546,1.75,2.22,0.95,1.3,1.9,1.64,1.31,2.8,1.746,2.03,1.01,3.6,6.202,12.095,23.972,1.029,2.415,2.569,0.175,2.42,4.478,69,3,2,0,0,13,2.85,8.58,6,3,1.2,1.25,1.11,0.4,17,0.16,1818,2220,3.01,168.934,9321,2022.472579,327.057277,3.639681819,0.810330389,66.23936979,53.83552056,13.86567346,1.827151877,0.641310315,0.283127336,1.649990792,0.950755656,0,0,0.142733669,0,0,0,0,0.143,0.283
Yb,70,5.4847,5.4847,5.4847,1.75,2.22,0.94,1.2,1.87,1.7,1.29,2.74,1.74,1.99,1,3.59,6.275,12.21,25.043,-0.02,1.584,1.654,0.08,1.6,1.529,70,3,2,0,0,14,2.85,8.59,6,3,1.1,1.1,1.06,0.133,34.9,0.154,1097,1466,4.128,173.04,6570,24.8694013,337.9791382,33.01823485,75.47666623,6.922658683,56.0263419,14.31208287,11.55825227,6.575713876,0.286408209,1.683886808,0.966137464,0,0,0.136990866,0,0,0,0,0.137,0.286
Lu,71,3.5031,3.5031,5.5509,1.75,2.17,0.93,0.861,1.87,1.62,1.31,2.63,1.734,1.94,0.99,3.37,5.444,13.946,21.362,0.346,4.447,4.451,0.229,4.43,4.52,71,3,2,0,1,14,3,8.8,6,3,1.2,1.27,1.14,0.411,16,0.154,1929,3668,2.95,174.967,9841,274.8854829,349.3906597,334.3312605,78.46243566,71.53881334,58.59306412,1.511374325,12.25090988,7.113368134,0.568096273,0.195800101,0.175991084,0.10368677,0,0.155112074,0,0,0,0,0.104,0.155
Hf,72,3.1964,3.1964,5.0511,1.55,2.08,0.8,0.71,1.75,1.52,1.28,2.53,1.58,1.88,0.97,2.91,7.024,14.955,23.379,0.017,6.44,5.935,0.265,6.44,9.954,72,4,2,0,2,0,3.15,9.16,6,4,1.73,1.3,1.23,1.09,23,0.144,2495,5470,2.241,178.49,13310,2210.653051,361.0067057,345.6871889,81.52285114,74.45355646,61.23147239,15.88363262,12.97121723,7.676641685,0.872060426,2.059080988,1.246540598,0.143805429,0,0.172900083,0,0,0,0,0.144,0.173
Ta,73,3.3013,3.3013,3.3013,1.45,2,0.77,0.72,1.7,1.46,1.26,2.57,1.467,1.7,0.95,2.79,7.918,16.255,22.079,0.323,8.133,7.885,0.374,8.1,11.856,73,5,2,0,3,0,3.3,9.53,6,5,1.94,1.5,1.33,2,57,0.14,3273,5698,1.801,180.948,16650,2275.372506,372.828903,35.73247715,8.468071065,77.44097918,63.94255169,1.742170836,13.71981659,8.265859168,1.199347576,2.223808067,1.376530661,0.182464088,0,0.175696084,0,0,0,0,0.176,0.182
W,74,3.1652,3.1652,3.1652,1.35,1.93,0.75,0.66,1.62,1.37,1.2,2.49,1.408,1.5,0.92,2.735,8.008,17.763,24.086,0.81626,8.834,8.572,0.364,8.9,12.96,74,6,2,0,4,0,4.35,9.85,6,6,1.79,2.36,1.4,3.232,174,0.132,3683,5930,1.586,183.84,19250,23.41329824,3.904158874,369.0141501,87.86783418,8.055705939,66.72481939,17.57080543,14.49510968,8.879697262,1.550835744,0.243218117,1.504457722,0.220603106,0,0.181413087,0,0,0,0,0.181,0.221
Re,75,2.761,2.761,4.456,1.35,1.88,0.72,0.63,1.51,1.31,1.19,2.48,1.375,1.36,0.83,2.68,7.907,16.661,26.094,0.060396,8.007,7.324,0.343,8.03,12.444,75,7,2,0,5,0,3.6,10.12,6,7,2.06,1.9,1.46,3.72,48,0.137,3453,5900,1.47,186.207,21020,240.8261556,397.0879246,380.9830519,91.14923682,8.754582202,6.965275344,18.45433386,1.536358809,9.524164572,1.925440924,2.567385232,1.631227783,0.258639124,0,0.18685909,0,0,0,0,0.187,0.259
Os,76,2.7344,2.7344,4.3173,1.3,1.85,0.69,0.63,1.44,1.29,1.16,2.41,1.353,1.31,0.81,2.65,8.73,16.962,25.095,1.1,8.226,7.676,0.322,8.17,11.22,76,8,2,0,6,0,3.75,10.32,6,8,1.85,2.2,1.52,4.18,88,0.13,3318,5300,1.391,190.23,22590,24.79062891,409.5225926,39.34609889,10.26132893,86.83709408,7.257986556,19.36253629,16.11967874,10.17608689,2.321176474,2.738294674,1.757404844,0.296791142,0,0.191489452,0,0,0,0,0.191,0.297
Ir,77,3.839,3.839,3.839,1.35,1.8,0.81,0.68,1.41,1.22,1.15,2.29,1.357,1.24,0.79,2.628,9.131,17.066,27.102,1.56436,6.919,6.366,0.27,6.94,8.864,77,9,2,0,7,0,3.9,10.57,6,9,1.87,2.2,1.55,3.55,150,0.131,2683,4403,1.414,192.217,22560,2543.762563,47.75944764,405.5270294,97.923209,90.10847025,75.48506324,20.29430334,16.96674886,1.496890791,2.738511315,2.909175396,1.891890908,0.335189161,0,0.195511094,0,0,0,0,0.196,0.335
Pt,78,3.9242,3.9242,3.9242,1.35,1.77,0.9,0.8,1.36,1.23,1.12,2.32,1.387,3.24,1.26,2.7,9.031,18.626,29.11,2.1251,5.879,4.878,0.208,5.84,6.057,78,10,1,0,9,0,4.05,10.75,6,10,1.91,2.28,1.44,2.783,72,0.133,2045,4100,1.511,195.078,21090,2613.097786,434.8582117,43.56055091,101.2749176,93.31192479,78.40030863,2.390679148,1.785297864,2.06196099,3.038149458,2.950941488,1.884256904,0.273724131,0,0.161344077,0,0,0,0,0.161,0.274
Au,79,4.0782,4.0782,4.0782,1.35,1.74,1.11,1.37,1.36,1.24,1.21,2.45,1.442,2.92,1.3,2.66,9.257,20.519,30.108,2.30861,3.807,3.568,0.13,3.81,3.274,79,11,1,0,10,0,4.2,10.94,6,11,1.19,2.54,1.42,1.732,320,0.1291,1337,3080,1.697,196.966,19300,268.6283739,45.40899516,430.7259077,1.864552895,96.70704642,81.51179013,22.0783676,18.57948892,12.1318839,3.486825674,3.113937502,2.002495961,0.304900866,0,0.163216078,0,0,0,0,0.163,0.305
Hg,80,3.005,3.005,3.005,1.5,1.71,0.97,1.2,1.32,1.33,1.42,2.47,1.573,2.39,1.4,2.41,10.473,18.814,34.32,-0.52,0.638,0.615,0.024,0.67,0.304,80,12,2,0,10,0,4.35,11.15,6,12,1.49,2,1.44,0.382,8.3,0.1395,234,629.73,2.316,200.59,13534,275.5609023,461.2788614,443.8488898,14.9986572,100.3280846,84.84556873,23.22293215,19.64508303,13.01922726,4.110319973,3.423487643,2.261976086,0.452552217,0,0.205137098,0,0,0,0,0.205,0.453
Tl,81,3.4566,3.4566,5.5248,1.9,1.56,0.9,1.45,1.45,1.44,1.42,2.6,1.716,2.29,1.53,2.235,6.129,20.498,29.921,0.377,1.895,1.727,0.044,1.88,2.367,81,3,2,1,0,0,5,12.25,6,3,1.69,1.62,1.44,0.359,46,0.129,577,1730,2.841,204.383,11850,2827.570765,474.9536032,457.2562175,18.92222508,0.203296098,88.32887247,24.47433175,20.79709158,14.01360673,4.835749328,3.81151383,2.598731247,0.674544324,0,0.285560138,0.101534049,0,0,0,0.102,0.203
Pb,82,4.9508,4.9508,4.9508,1.8,1.54,0.83,1.19,1.46,1.44,1.35,2.54,1.75,2.32,1.43,2.09,7.441,15.08,32.042,0.356743,2.028,1.849,0.05,2.03,3.715,82,4,2,2,0,0,5.65,12.29,6,4,1.92,2.33,1.55,0.43,35,0.127,601,2013,3.034,207.2,11340,2901.079454,4.931337367,470.87811,11.69532561,14.35039789,91.88996811,25.75334243,21.99057528,15.03003393,5.592534684,0.462797222,2.941658412,0.902393433,0,0.357187531,0.141831068,0,0,0,0.142,0.357
Bi,83,6.674,6.117,3.304,1.6,1.43,0.77,1.3,1.48,1.51,1.41,2.8,1.7,2.25,1.38,1.997,7.314,16.744,25.646,0.942362,2.154,1.863,0.113,2.18,3.898,83,5,2,3,0,0,6.3,13.34,6,5,2.14,2.02,1.67,0.315,8,0.122,544,1883,3.538,208.98,9780,297.5615018,50.30118286,48.5403823,120.6140566,18.28513878,95.53252186,2.734342032,23.21865214,16.08482652,6.382747064,4.611936214,3.293638581,0.203408098,0,0.051729026,0.180198158,0,0,0,0.052,0.18
Po,84,3.359,3.359,3.359,1.9,1.35,0.56,0.94,1.4,1.45,1.35,2.93,1.76,2.11,1.3,1.9,8.509,19.074,27.747,1.9,1.518,1.048,0.135,1.5,,84,6,2,4,0,0,6.95,14.22,6,6,2.4,2,1.76,0.26,20,,527,1235,3.743,208.98,9196,3050.989962,517.2818783,498.7721594,124.7837483,115.9054956,99.25611564,28.42255364,24.48134875,17.17331524,7.206502459,5.028232414,3.655387355,1.386458666,0,0.493528237,0.030770015,0,0,0,0.031,0.494
At,85,,,,,1.27,0.51,,1.5,1.47,1.38,2.88,1.59,1.89,1.26,1.83,9.63,18.065,30.108,2.3,0.946,0.52,0.062,1,,85,7,2,5,0,0,7.6,15.16,6,7,2.64,2.2,1.96,0.035,1.7,,575,610,5.75,210,,3.865001855,531.818606,513.0444893,12.97154823,119.9950724,10.39637999,29.80952931,25.77827645,18.29518879,8.06348723,5.453385618,4.027063293,1.648780791,0,0.560189269,0.255453123,0,0,0,0.255,0.56
Rn,86,,,,,1.2,0.5,,1.5,1.42,1.45,2.71,1.4,1.59,1.23,1.88,10.785,20.072,30.108,-0.725,,0.188,0.031,0.2,,86,8,2,6,0,0,8.25,16.08,6,8,0.05,,,0.022,0.00361,0.09365,202,211.4,8.25,222,9.73,396.7564856,546.5782296,59.53305358,133.369208,124.1729216,13.34501241,0.342804172,2.772986338,1.946795006,0.903718434,5.889685834,4.408704116,1.911329917,0,0.064970031,0.293216141,0,0,0,0.065,0.293
Fr,87,,,,,,1.74,,2.6,2.23,2.18,2.82,2.8,6,1.61,4.37,3.9,22.079,32.115,0.486,0.757,0.572,0.021,0.75,,87,1,1,0,0,0,2.2,8,7,1,0.7,0.7,0.86,0.02,15,,300,950,13,223,,3283.265326,56.29047702,542.4145004,137.9596983,128.6145417,17.48523139,32.86102877,28.64814482,0.220462106,10.05144482,6.509519125,4.973282387,2.362711134,0,0.093048052,0.466197224,0,0,0.076176037,0.076,0.093
Ra,88,5.148,5.148,5.148,2.15,,1.34,,2.21,2.01,1.73,2.81,2.26,3.45,1.48,3.53,5.295,10.14,34.122,0.1,1.654,1.422,0.083,1.66,,88,2,2,0,0,0,1.65,9,7,2,0.9,0.9,0.97,0.132,19,0.092,973,1413,6.822,226.025,5000,336.2793914,57.71562771,55.82097399,142.6324945,1.334450641,12.34648193,34.52564458,3.077209477,22.20813566,1.821300874,7.139140499,5.547206023,2.819854354,0,0.123900059,0.637140306,0,0,0.02013201,0.02,0.124
Ac,89,5.67,5.67,5.67,1.95,2.85,1.14,,2.15,1.86,1.53,2.83,1.878,2.63,1.16,3.12,4.936,11.076,16.994,0.35,4.222,3.047,0.146,4.25,4.106,89,3,2,0,1,0,1.8,9,7,3,1.1,1.1,1,0.25,12,0.12,1323,3470,4.557,227.028,10070,344.9509556,592.6231661,57.96272782,147.3207867,137.6544601,119.5418004,36.15827736,3.684061768,23.57107851,1.233425592,7.713081702,6.065112911,0.414752199,0,1.205801299,0.744524357,0.137786066,0,0.126551061,0.127,0.138
Th,90,5.0842,5.0842,5.0842,1.8,2.51,1.11,,2.06,1.75,1.43,3.05,1.798,2.24,1.1,4.98,5.639,11.939,18.72,1.17,6.222,5.342,0.166,6.2,7.411,90,3,2,0,2,0,1.95,9,7,3,1.3,1.3,1.11,0.543,54,0.118,2020,5060,3.295,232.038,11724,3524.44078,608.35125,588.2183943,152.084701,142.2558783,12.46309318,37.81416615,3.373253619,24.95519599,13.39744115,8.287061338,6.58281316,3.62573074,0,1.333771441,0.846921407,0.172896083,0,0.141920068,0.142,0.173
Pa,91,3.925,3.925,3.238,1.8,2.33,1.08,,2,1.69,1.38,3.4,1.63,1.89,1.06,4.96,5.353,11.502,17.815,0.55,6.313,5.002,0.156,6.7,9.517,91,3,2,0,1,2,1.8,9,7,3,1.5,1.5,1.14,0.76,47,0.0991,2113,4300,2.503,231.036,15370,3606.33536,623.8707305,60.59030708,16.06675331,15.44568541,127.7813013,39.06476875,34.48294655,25.93313345,14.10575377,8.463467063,6.709833221,3.659929757,0.036013017,1.287233338,0.799756384,0.143480069,0,0.129653062,0.036,0.13
U,92,2.8537,5.8695,4.9548,1.75,2.21,1.05,,1.96,1.7,1.34,3.05,1.56,1.74,1.01,4.72,5.433,11.669,18.148,0.53,5.57,4.338,0.146,5.55,11.294,92,3,2,0,1,3,1.8,9,7,3,1.7,1.38,1.22,0.987,27.6,0.116,1406,4018,2.073,238.029,19050,3689.356912,639.7790351,619.1088472,161.1181507,150.9799525,13.19901834,40.52810345,35.85333821,2.788401338,15.02747441,8.824192236,7.018095369,3.866176856,0.366543176,1.325976637,0.831160471,0.143190069,0,0.130948063,0.131,0.143
Np,93,6.663,4.723,4.887,1.75,,1.04,,1.9,1.71,1.36,2.7,1.555,1.63,1,4.93,5.512,11.846,18.429,0.48,4.753,3.501,0.104,4.2,12.896,,3,2,0,1,4,1.8,9,7,3,1.3,1.36,1.22,0.68,6,,913,4175,1.922,237.048,20450,,,,,,,,,,,,,,,,,,,,,
Pu,94,6.183,4.822,10.963,1.75,,1.03,,1.87,1.72,1.35,,1.58,1.6,1,4.91,5.13,11.232,20.769,-0.5,3.619,3.572,,3.6,14.321,,3,2,0,0,6,1.65,9,7,3,1.3,1.28,1.22,0.54,6,,914,3505,2,244,19816,,,,,,,,,,,,,,,,,,,,,
Am,95,3.4681,3.4681,11.241,1.75,,1.02,,1.8,1.66,1.35,,1.81,1.62,1,4.89,5.674,12.189,18.886,0.1,2.766,2.48,,2.73,,,3,2,0,0,7,4.65,9,7,3,1.3,1.3,1.2,,10,,1267,2880,2.927,243,13670,,,,,,,,,,,,,,,,,,,,,
Cm,96,3.496,3.496,11.331,,,1.01,,1.69,1.66,1.36,,1.81,1.9,0.96,4.87,5.687,12.407,19.022,0.28,3.973,3.741,,3.86,,,3,3,0,0,7,1.8,9,7,3,1.3,1.3,1.2,,10,,600,1440,2.998,247,13510,,,,,,,,,,,,,,,,,,,,,
Bk,97,3.416,3.416,11.069,,,1,,,1.68,1.39,,1.81,1.69,1.04,5,5.512,12.615,19.334,-1.72,3.026,3.744,,3.9,,,3,2,0,0,9,1.65,9,7,3,1.3,1.3,1.2,,10,,1323,3000,2.818,247,14780,,,,,,,,,,,,,,,,,,,,,
Cf,98,3.38,3.38,11.025,,,0.99,,,1.68,1.4,,1.81,1.74,1.03,5.02,5.428,11.866,22.391,-1.01,1.82,3.744,,3.9,,,3,2,0,0,10,1.65,9,7,3,1.3,1.3,1.2,,10,,1173,2800,2.727,251,15100,,,,,,,,,,,,,,,,,,,,,
Es,99,,,,,,0.98,,,1.65,1.4,,1.81,1.68,1.02,5.04,5.498,12.022,23.431,-0.3,1.56,3.744,,3.9,,,3,2,0,0,11,1.65,9,7,3,1.3,1.3,1.2,,10,,1133,2750,2.8,252,,,,,,,,,,,,,,,,,,,,,,
Fm,100,,,,,,0.97,,,1.67,1.4,,1.81,1.7,1.02,5.06,5.57,12.178,24.44,0.35,1.466,3.744,,3.9,,,3,2,0,0,12,1.65,9,7,3,1.3,1.3,1.2,,10,,1800,3800,2.8,257,,,,,,,,,,,,,,,,,,,,,,
