Ti2CO2-TM,dGH,dM0-O0,dM1-O0,dM2-O0,dmM-O,ATi1-O-Ti2,ATi1-O-M,ATi2O-M,AmM-O-M,bO-O,epz,Med,Ti1ed,Ti2ed,Mmed,EFermi,CHO,CHM,CHTi1,CHTi2,CHMm,VM,VMm,BO,BM,BTi1,BTi2,BMm,FEIM,FEITi1,FEITi2,FEIMm,EAM,EAMm,PM,PMm,RM,RMm
Ag-S0,-0.85609935,2.261,1.897,1.897,2.018333333,103.606,92.129,92.129,95.95466667,3.431,-2.502674739,-4.5444,0.7877,0.7907,-0.988666667,-2.6288,7.008051,10.278826,10.031156,10.02326,10.11108067,11,11.66666667,1.008051,-0.721174,-1.968844,-1.97674,-1.555586,731,375.7,375.7,494.1333333,125.6,46.93333333,1.93,1.67,165,172.3333333
Ag-S1,-0.4608638,1.96,1.978,1.96,1.966,100.836,101.155,101.152,101.0476667,3.015,-2.648835077,0.7883,0.8493,0.7926,0.810066667,-2.6288,7.115856,10.023424,10.060439,10.031156,10.03833967,12,12,1.115856,-1.976576,-1.939561,-1.968844,-1.961660333,375.7,375.7,375.7,375.7,7.6,7.6,1.54,1.54,176,176
Ag-S2,-0.47461648,1.957,1.957,1.953,1.955666667,102.875,101.235,101.233,101.781,3.004,-2.727870104,0.7871,0.7066,0.7906,0.761433333,-2.6288,7.097845,10.031156,10.03036,10.052905,10.03814033,12,12,1.097845,-1.968844,-1.96964,-1.947095,-1.961859667,375.7,375.7,375.7,375.7,7.6,7.6,1.54,1.54,176,176
Au-S0,-0.74686509,2.482,1.875,1.875,2.077333333,102.362,93.845,92.505,96.23733333,3.27,-2.790639567,-4.8594,0.6651,0.6533,-1.180333333,-2.4073,6.992373,10.369038,10.049511,10.026668,10.14840567,11,11.66666667,0.992373,-0.630962,-1.950489,-1.973332,-1.518261,890.1,375.7,375.7,547.1666667,222.8,79.33333333,2.54,1.873333333,174,175.3333333
Au-S1,-0.21375962,1.956,1.979,1.974,1.969666667,98.898,100.645,100.623,100.0553333,3.025,-2.728538438,0.6555,0.7693,0.6019,0.675566667,-2.4073,7.107465,10.050814,10.054204,10.049511,10.05150967,12,12,1.107465,-1.949186,-1.945796,-1.950489,-1.948490333,375.7,375.7,375.7,375.7,7.6,7.6,1.54,1.54,176,176
Au-S2,-0.15312428,1.945,1.964,1.959,1.956,102.323,100.062,100.91,101.0983333,3.033,-2.9506061,0.6555,0.7693,0.6019,0.675566667,-2.4073,7.093437,10.049511,10.029627,10.050425,10.04318767,12,12,1.093437,-1.950489,-1.970373,-1.949575,-1.956812333,375.7,375.7,375.7,375.7,7.6,7.6,1.54,1.54,176,176
Cd-S0,-1.00974241,2.203,1.906,1.906,2.005,103.871,94.98,94.98,97.94366667,3.618,-2.297557489,-6.8575,1.0608,1.0581,-1.579533333,-2.9402,7.058629,10.91657,10.038584,10.041095,10.332083,12,12,1.058629,-1.08343,-1.961416,-1.958905,-1.667917,867.8,375.7,375.7,539.7333333,0,5.066666667,1.69,1.59,161,171
Cd-S1,-0.62648962,1.965,1.969,1.965,1.966333333,100.837,101.098,101.093,101.0093333,3.011,-2.38432175,1.0549,1.1573,1.0608,1.091,-2.9402,7.11202,10.046335,10.054256,10.038584,10.04639167,12,12,1.11202,-1.953665,-1.945744,-1.961416,-1.953608333,375.7,375.7,375.7,375.7,7.6,7.6,1.54,1.54,176,176
Cd-S2,-0.71560585,1.961,1.961,1.934,1.952,101.93,101.88,101.872,101.894,3,-2.416444599,1.0537,1.1139,1.0589,1.0755,-2.9402,7.090216,10.038584,10.041282,10.037052,10.03897267,12,12,1.090216,-1.961416,-1.958718,-1.962948,-1.961027333,375.7,375.7,375.7,375.7,7.6,7.6,1.54,1.54,176,176
Co-S0,-0.65639116,2.052,1.909,1.909,1.956666667,100.906,97.803,97.802,98.837,2.912,-2.329291248,-1.2455,0.9029,0.9054,0.1876,-2.7197,7.016697,8.063366,10.038854,10.042713,9.381644333,9,11,1.016697,-0.936634,-1.961146,-1.957287,-1.618355667,760.4,375.7,375.7,503.9333333,63.7,26.3,1.88,1.653333333,152,168
Co-S1,-0.45996473,1.958,1.969,1.958,1.961666667,99.461,100.897,100.895,100.4176667,3.007,-2.637581876,0.9057,0.886,0.9091,0.900266667,-2.7197,7.103901,10.043208,10.06016,10.038854,10.04740733,12,12,1.103901,-1.956792,-1.93984,-1.961146,-1.952592667,375.7,375.7,375.7,375.7,7.6,7.6,1.54,1.54,176,176
Co-S2,-0.41776365,1.959,1.959,1.983,1.967,103.301,99.391,99.392,100.6946667,3.019,-2.646454083,0.9052,0.8805,0.9073,0.897666667,-2.7197,7.109012,10.038854,10.034827,10.071718,10.04846633,12,12,1.109012,-1.961146,-1.965173,-1.928282,-1.951533667,375.7,375.7,375.7,375.7,7.6,7.6,1.54,1.54,176,176
Cr-S0,-0.40118437,2.052,1.923,1.923,1.966,100.434,97.652,97.645,98.577,2.941,-2.855651056,-0.2638,0.5686,0.5696,0.291466667,-2.4542,7.059878,10.501579,10.046244,10.043175,10.19699933,12,12,1.059878,-1.498421,-1.953756,-1.956825,-1.803000667,652.9,375.7,375.7,468.1,64.3,26.5,1.66,1.58,166,172.6666667
Cr-S1,-0.24384245,1.959,1.971,1.959,1.963,99.946,100.745,100.746,100.479,3.015,-2.958503919,0.5672,0.6378,0.5664,0.590466667,-2.4542,7.108531,10.040804,10.058732,10.046244,10.04859333,12,12,1.108531,-1.959196,-1.941268,-1.953756,-1.951406667,375.7,375.7,375.7,375.7,7.6,7.6,1.54,1.54,176,176
Cr-S2,-0.23580838,1.959,1.96,1.98,1.966333333,102.342,99.391,99.394,100.3756667,3.017,-2.933236697,0.5669,0.7211,0.5666,0.6182,-2.4542,7.107317,10.046244,10.041339,10.068775,10.05211933,12,12,1.107317,-1.953756,-1.958661,-1.931225,-1.947880667,375.7,375.7,375.7,375.7,7.6,7.6,1.54,1.54,176,176
Cu-S0,-0.83375736,2.154,1.888,1.888,1.976666667,102.824,94.835,94.834,97.49766667,3.149,-2.473076388,-2.9372,0.779,0.7802,-0.459333333,-2.7729,7.029237,10.10985,10.023813,10.024976,10.05287967,11,11.66666667,1.029237,-0.89015,-1.976187,-1.975024,-1.613787,745.5,375.7,375.7,498.9666667,118.4,44.53333333,1.9,1.66,145,165.6666667
Cu-S1,-0.39191251,1.955,1.977,1.955,1.962333333,99.719,101.2,101.201,100.7066667,3.006,-2.628552218,0.7767,0.8662,0.7831,0.808666667,-2.7729,7.109944,10.031645,10.059773,10.023813,10.03841033,12,12,1.109944,-1.968355,-1.940227,-1.976187,-1.961589667,375.7,375.7,375.7,375.7,7.6,7.6,1.54,1.54,176,176
Cu-S2,-0.50522517,1.964,1.964,1.959,1.962333333,103.529,100.639,100.638,101.602,3.009,-2.589335448,0.7788,0.8504,0.7834,0.8042,-2.7729,7.10655,10.023813,10.02316,10.05759,10.03485433,12,12,1.10655,-1.976187,-1.97684,-1.94241,-1.965145667,375.7,375.7,375.7,375.7,7.6,7.6,1.54,1.54,176,176
Fe-S0,-0.3749933,2.075,1.911,1.911,1.965666667,100.641,97.363,97.363,98.45566667,2.924,-2.779785824,-1.5913,0.4105,0.4044,-0.2588,-2.4164,7.028755,6.8945,10.037916,10.039921,8.990779,8,10.66666667,1.028755,-1.1055,-1.962084,-1.960079,-1.675887667,762.5,375.7,375.7,504.6333333,15.7,10.3,1.83,1.636666667,156,169.3333333
Fe-S1,-0.18110057,1.959,1.971,1.959,1.963,100.016,100.887,100.888,100.597,3.016,-3.072916446,0.4071,0.4613,0.4032,0.423866667,-2.4164,7.108867,10.04021,10.053391,10.037916,10.043839,12,12,1.108867,-1.95979,-1.946609,-1.962084,-1.956161,375.7,375.7,375.7,375.7,7.6,7.6,1.54,1.54,176,176
Fe-S2,-0.13006822,1.954,1.954,1.992,1.966666667,103.024,99.049,99.049,100.374,3.022,-3.044352059,0.4112,0.5923,0.3992,0.467566667,-2.4164,7.106057,10.037916,10.034203,10.077058,10.04972567,12,12,1.106057,-1.962084,-1.965797,-1.922942,-1.950274333,375.7,375.7,375.7,375.7,7.6,7.6,1.54,1.54,176,176
Hf-S0,0.24053049,2.032,1.987,1.987,2.002,100.695,99.225,99.224,99.71466667,3.23,-3.390525572,-2.6582,0.5332,0.5335,-0.5305,-2.1884,7.152398,7.771193,10.056037,10.058861,9.295363667,10,11.33333333,1.152398,-2.228807,-1.943963,-1.941139,-2.037969667,658.5,375.7,375.7,469.9666667,0,5.066666667,1.3,1.46,208,186.6666667
Hf-S1,0.10605112,1.978,1.957,1.978,1.971,100.927,99.736,99.739,100.134,3.012,-3.003558165,0.5338,0.5086,0.5331,0.525166667,-2.1884,7.112306,10.063108,10.053087,10.056037,10.05741067,12,12,1.112306,-1.936892,-1.946913,-1.943963,-1.942589333,375.7,375.7,375.7,375.7,7.6,7.6,1.54,1.54,176,176
Hf-S2,0.10175489,1.96,1.96,1.96,1.96,98.359,100.479,100.481,99.773,3.007,-2.996011803,0.5335,0.5917,0.5323,0.5525,-2.1884,7.100993,10.056037,10.058001,10.054352,10.05613,12,12,1.100993,-1.943963,-1.941999,-1.945648,-1.94387,375.7,375.7,375.7,375.7,7.6,7.6,1.54,1.54,176,176
Ir-S0,-0.56875761,2.165,1.936,1.936,2.012333333,100.835,94.751,94.753,96.77966667,3.067,-2.736823643,-2.909,0.8857,0.8855,-0.379266667,-2.6676,7.013856,8.154242,10.039903,10.041338,9.411827667,9,11,1.013856,-0.845758,-1.960097,-1.958662,-1.588172333,880,375.7,375.7,543.8,151,55.4,2.2,1.76,180,177.3333333
Ir-S1,-0.4563445,1.962,1.975,1.962,1.966333333,100.693,100.397,100.4,100.4966667,3.017,-2.643611912,0.8886,0.8244,0.8855,0.866166667,-2.6676,7.110746,10.035893,10.069674,10.039903,10.04849,12,12,1.110746,-1.964107,-1.930326,-1.960097,-1.95151,375.7,375.7,375.7,375.7,7.6,7.6,1.54,1.54,176,176
Ir-S2,-0.39167908,1.949,1.949,1.991,1.963,101.929,99.481,99.481,100.297,3.023,-2.714138508,0.8894,1.0578,0.8872,0.9448,-2.6676,7.098768,10.039903,10.039795,10.06707,10.04892267,12,12,1.098768,-1.960097,-1.960205,-1.93293,-1.951077333,375.7,375.7,375.7,375.7,7.6,7.6,1.54,1.54,176,176
Mn-S0,-0.09787272,2.029,1.925,1.925,1.959666667,100.509,98.329,98.328,99.05533333,2.937,-3.176333051,-1.1703,0.2976,0.2905,-0.194066667,-2.2036,7.054235,11.591435,10.042435,10.039055,10.55764167,13,12.33333333,1.054235,-1.408565,-1.957565,-1.960945,-1.775691667,717.3,375.7,375.7,489.5666667,0,5.066666667,1.55,1.543333333,161,171
Mn-S1,0.06921355,1.959,1.973,1.959,1.963666667,99.986,100.666,100.667,100.4396667,3.016,-3.291074175,0.2938,0.3988,0.2903,0.327633333,-2.2036,7.111099,10.038447,10.061786,10.042435,10.047556,12,12,1.111099,-1.961553,-1.938214,-1.957565,-1.952444,375.7,375.7,375.7,375.7,7.6,7.6,1.54,1.54,176,176
Mn-S2,0.10628425,1.958,1.958,1.983,1.966333333,102.355,99.407,99.409,100.3903333,3.019,-3.227475163,0.2911,0.4583,0.2905,0.346633333,-2.2036,7.109189,10.042435,10.041461,10.069738,10.05121133,12,12,1.109189,-1.957565,-1.958539,-1.930262,-1.948788667,375.7,375.7,375.7,375.7,7.6,7.6,1.54,1.54,176,176
Mo-S0,-0.12551281,2.126,1.951,1.951,2.009333333,99.71,95.764,95.766,97.08,3.035,-3.313381759,-1.6313,0.0635,0.0626,-0.501733333,-2.1786,7.080123,12.216631,10.062569,10.050523,10.77657433,14,12.66666667,1.080123,-1.783369,-1.937431,-1.949477,-1.890092333,684.3,375.7,375.7,478.5666667,71.9,29.03333333,2.16,1.746666667,190,180.6666667
Mo-S1,-0.03494635,1.969,1.966,1.969,1.968,101.182,100.3,100.296,100.5926667,3.021,-3.323129325,0.0615,0.0038,0.0581,0.041133333,-2.1786,7.108918,10.054951,10.04415,10.062569,10.05389,12,12,1.108918,-1.945049,-1.95585,-1.937431,-1.94611,375.7,375.7,375.7,375.7,7.6,7.6,1.54,1.54,176,176
Mo-S2,0.03566989,1.948,1.948,1.911,1.935666667,100.689,98.483,98.483,99.21833333,3.012,-3.395304963,0.0592,0.0676,0.0591,0.061966667,-2.1786,7.096135,10.062569,10.059185,10.076444,10.066066,12,12,1.096135,-1.937431,-1.940815,-1.923556,-1.933934,375.7,375.7,375.7,375.7,7.6,7.6,1.54,1.54,176,176
Nb-S0,0.07412593,2.035,1.992,1.991,2.006,99.302,97.931,97.934,98.389,3.075,-3.375095526,-0.4313,0.2922,0.2914,0.050766667,-1.9802,7.119504,10.783883,10.063021,10.065867,10.304257,13,12.33333333,1.119504,-2.216117,-1.936979,-1.934133,-2.029076333,652.1,375.7,375.7,467.8333333,86.1,33.76666667,1.6,1.56,198,183.3333333
Nb-S1,0.03896,1.973,1.963,1.973,1.969666667,100.73,99.482,99.483,99.89833333,3.012,-3.187731641,0.2888,0.2489,0.294,0.277233333,-1.9802,7.110658,10.069065,10.055349,10.063021,10.06247833,12,12,1.110658,-1.930935,-1.944651,-1.936979,-1.937521667,375.7,375.7,375.7,375.7,7.6,7.6,1.54,1.54,176,176
Nb-S2,0.06695144,1.957,1.958,1.974,1.963,98.599,99.558,99.562,99.23966667,3.008,-3.330000436,0.2946,0.2917,0.2949,0.293733333,-1.9802,7.102052,10.063021,10.067322,10.065943,10.06542867,12,12,1.102052,-1.936979,-1.932678,-1.934057,-1.934571333,375.7,375.7,375.7,375.7,7.6,7.6,1.54,1.54,176,176
Ni-S0,-0.34747101,2.053,1.906,1.906,1.955,101.193,97.721,97.72,98.878,2.971,-2.838835312,-2.6451,0.6122,0.6083,-0.474866667,-2.4644,7.016041,9.080727,10.040094,10.035182,9.718667667,10,11.33333333,1.016041,-0.919273,-1.959906,-1.964818,-1.614665667,737.1,375.7,375.7,496.1666667,112,42.4,1.91,1.663333333,149,167
Ni-S1,-0.08830282,1.96,1.969,1.96,1.963,99.608,100.995,100.997,100.5333333,3.012,-2.899331442,0.6116,0.6506,0.6112,0.624466667,-2.4644,7.110573,10.037565,10.049263,10.040094,10.04230733,12,12,1.110573,-1.962435,-1.950737,-1.959906,-1.957692667,375.7,375.7,375.7,375.7,7.6,7.6,1.54,1.54,176,176
Ni-S2,-0.07776402,1.958,1.958,1.982,1.966,103.193,99.559,99.56,100.7706667,3.02,-2.858685388,0.6095,0.8706,0.6097,0.6966,-2.4644,7.108715,10.040094,10.030222,10.070372,10.046896,12,12,1.108715,-1.959906,-1.969778,-1.929628,-1.953104,375.7,375.7,375.7,375.7,7.6,7.6,1.54,1.54,176,176
Os-S0,-0.3813331,2.165,1.942,1.941,2.016,99.96,95.015,95.016,96.66366667,3.017,-3.073083358,-2.9611,0.336,0.3383,-0.762266667,-2.4595,7.031385,6.881239,10.053562,10.049507,8.994769333,8,10.66666667,1.031385,-1.118761,-1.946438,-1.950493,-1.671897333,840,375.7,375.7,530.4666667,106.1,40.43333333,2.2,1.76,185,179
Os-S1,-0.27753513,1.965,1.972,1.965,1.967333333,101.268,100.444,100.442,100.718,3.026,-2.950153226,0.3415,0.4648,0.3352,0.3805,-2.4595,7.110005,10.043609,10.04952,10.053562,10.048897,12,12,1.110005,-1.956391,-1.95048,-1.946438,-1.951103,375.7,375.7,375.7,375.7,7.6,7.6,1.54,1.54,176,176
Os-S2,-0.19652168,1.942,1.942,2.004,1.962666667,101.74,98.714,98.712,99.722,3.025,-3.018999795,0.335,0.5036,0.3334,0.390666667,-2.4595,7.096041,10.053562,10.05242,10.076636,10.06087267,12,12,1.096041,-1.946438,-1.94758,-1.923364,-1.939127333,375.7,375.7,375.7,375.7,7.6,7.6,1.54,1.54,176,176
Pd-S0,-0.12956499,2.17,1.914,1.914,1.999333333,101.681,94.396,94.396,96.82433333,3.206,-2.72699891,-3.7056,0.6543,0.6558,-0.7985,-2.4008,7.00281,9.269119,10.035124,10.024196,9.776146333,10,11.33333333,1.00281,-0.730881,-1.964876,-1.975804,-1.557187,804.4,375.7,375.7,518.6,53.7,22.96666667,2.2,1.76,169,173.6666667
Pd-S1,0.14112112,1.966,1.967,1.966,1.966333333,100.468,101.078,101.081,100.8756667,3.018,-2.849562255,0.6557,0.6459,0.6547,0.6521,-2.4008,7.114646,10.038571,10.052609,10.035124,10.04210133,12,12,1.114646,-1.961429,-1.947391,-1.964876,-1.957898667,375.7,375.7,375.7,375.7,7.6,7.6,1.54,1.54,176,176
Pd-S2,0.099247,1.953,1.953,1.978,1.961333333,102.692,99.958,99.958,100.8693333,3.016,-2.976081543,0.6551,0.4993,0.6545,0.602966667,-2.4008,7.10179,10.035124,10.033979,10.066419,10.045174,12,12,1.10179,-1.964876,-1.966021,-1.933581,-1.954826,375.7,375.7,375.7,375.7,7.6,7.6,1.54,1.54,176,176
Pt-S0,0.03984849,2.168,1.932,1.932,2.010666667,100.79,94.193,94.193,96.392,3.176,-2.903555669,-3.678,0.489,0.4881,-0.9003,-2.4125,7.001123,9.260574,10.043476,10.04069,9.78158,10,11.33333333,1.001123,-0.739426,-1.956524,-1.95931,-1.551753333,870,375.7,375.7,540.4666667,205.3,73.5,2.28,1.786666667,177,176.3333333
Pt-S1,0.12602008,1.97,1.961,1.97,1.967,100.332,100.951,100.947,100.7433333,3.02,-2.968001606,0.4886,0.5592,0.4871,0.511633333,-2.4125,7.110927,10.04044,10.041393,10.043476,10.04176967,12,12,1.110927,-1.95956,-1.958607,-1.956524,-1.958230333,375.7,375.7,375.7,375.7,7.6,7.6,1.54,1.54,176,176
Pt-S2,0.20184017,1.952,1.952,1.98,1.961333333,102.187,99.834,99.832,100.6176667,3.018,-3.050662258,0.487,0.4486,0.4896,0.475066667,-2.4125,7.101191,10.043476,10.04376,10.065807,10.05101433,12,12,1.101191,-1.956524,-1.95624,-1.934193,-1.948985667,375.7,375.7,375.7,375.7,7.6,7.6,1.54,1.54,176,176
Re-S0,-0.1312155,2.144,1.956,1.956,2.018666667,98.961,95.187,95.188,96.44533333,2.989,-3.244000513,-2.4929,0.1944,0.1981,-0.700133333,-2.2678,7.054249,5.501142,10.061375,10.055384,8.539300333,7,10.33333333,1.054249,-1.498858,-1.938625,-1.944616,-1.794033,760,375.7,375.7,503.8,14.5,9.9,1.9,1.66,188,180
Re-S1,-0.04230939,1.969,1.966,1.969,1.968,101.156,100.347,100.349,100.6173333,3.026,-3.079997519,0.1877,0.2824,0.1845,0.2182,-2.2678,7.111176,10.056516,10.046662,10.061375,10.054851,12,12,1.111176,-1.943484,-1.953338,-1.938625,-1.945149,375.7,375.7,375.7,375.7,7.6,7.6,1.54,1.54,176,176
Re-S2,0.01529681,1.945,1.945,1.998,1.962666667,101.057,98.584,98.583,99.408,3.015,-3.206219411,0.1945,0.2861,0.1972,0.225933333,-2.2678,7.094763,10.061375,10.061263,10.079718,10.067452,12,12,1.094763,-1.938625,-1.938737,-1.920282,-1.932548,375.7,375.7,375.7,375.7,7.6,7.6,1.54,1.54,176,176
Rh-S0,-0.64333312,2.167,1.916,1.916,1.999666667,101.456,94.485,94.483,96.808,3.116,-2.545976066,-2.227,0.7782,0.7763,-0.224166667,-2.7248,7.011308,14.201315,10.03702,10.035191,11.42450867,15,13,1.011308,-0.798685,-1.96298,-1.964809,-1.575491333,719.7,375.7,375.7,490.3666667,109.7,41.63333333,2.28,1.786666667,173,175
Rh-S1,-0.50381069,1.961,1.971,1.961,1.964333333,100.268,100.819,100.2,100.429,3.011,-2.663504059,0.7716,0.9039,0.7758,0.8171,-2.7248,7.109794,10.039406,10.065167,10.03702,10.04719767,12,12,1.109794,-1.960594,-1.934833,-1.96298,-1.952802333,375.7,375.7,375.7,375.7,7.6,7.6,1.54,1.54,176,176
Rh-S2,-0.45946523,1.954,1.954,1.979,1.962333333,102.556,99.795,99.797,100.716,3.017,-2.654496052,0.7726,0.8514,0.7819,0.801966667,-2.7248,7.100715,10.03702,10.034524,10.062552,10.04469867,12,12,1.100715,-1.96298,-1.965476,-1.937448,-1.955301333,375.7,375.7,375.7,375.7,7.6,7.6,1.54,1.54,176,176
Ru-S0,-0.48416922,2.173,1.922,1.922,2.005666667,100.95,94.757,94.757,96.82133333,3.072,-2.853848503,-2.0108,0.5562,0.5553,-0.299766667,-2.5364,7.030278,12.970114,10.044116,10.044308,11.01951267,14,12.66666667,1.030278,-1.029886,-1.955884,-1.955692,-1.647154,710.2,375.7,375.7,487.2,101.3,38.83333333,2.2,1.76,178,176.6666667
Ru-S1,-0.35237507,1.962,1.973,1.962,1.965666667,101.041,100.76,100.757,100.8526667,3.02,-2.826146124,0.5561,0.6662,0.5649,0.595733333,-2.5364,7.112827,10.037846,10.060226,10.044116,10.047396,12,12,1.112827,-1.962154,-1.939774,-1.955884,-1.952604,375.7,375.7,375.7,375.7,7.6,7.6,1.54,1.54,176,176
Ru-S2,-0.29065927,1.946,1.946,1.944,1.945333333,102.351,99.144,99.146,100.2136667,3.02,-2.845865256,0.5549,0.7331,0.5593,0.615766667,-2.5364,7.094494,10.044116,10.044119,10.072633,10.05362267,12,12,1.094494,-1.955884,-1.955881,-1.927367,-1.946377333,375.7,375.7,375.7,375.7,7.6,7.6,1.54,1.54,176,176
Sc-S0,-0.48717301,2.04,1.94,1.939,1.973,102.275,99.309,99.309,100.2976667,3.285,-2.456288182,0.7123,1.1368,1.1376,0.995566667,-2.8048,7.131891,9.160754,10.055843,10.054923,9.757173333,11,11.66666667,1.131891,-1.839246,-1.944157,-1.945077,-1.909493333,633.1,375.7,375.7,461.5,18.1,11.1,1.36,1.48,184,178.6666667
Sc-S1,-0.41797811,1.971,1.959,1.971,1.967,100.447,100.407,100.405,100.4196667,3.006,-2.406768428,1.1379,1.1134,1.1409,1.130733333,-2.8048,7.111837,10.060178,10.055915,10.055843,10.057312,12,12,1.111837,-1.939822,-1.944085,-1.944157,-1.942688,375.7,375.7,375.7,375.7,7.6,7.6,1.54,1.54,176,176
Sc-S2,-0.45723971,1.966,1.965,1.946,1.959,99.961,100.862,100.857,100.56,2.999,-2.389676355,1.1388,1.1218,1.1374,1.132666667,-2.8048,7.100019,10.055843,10.053568,10.049831,10.05308067,12,12,1.100019,-1.944157,-1.946432,-1.950169,-1.946919333,375.7,375.7,375.7,375.7,7.6,7.6,1.54,1.54,176,176
Ta-S0,0.17030543,2.013,2.009,2.009,2.010333333,98.662,98.343,98.345,98.45,3.049,-3.580278422,-1.0723,0.2081,0.2072,-0.219,-2.0139,7.132808,8.652556,10.06587,10.06721,9.595212,11,11.66666667,1.132808,-2.347444,-1.93413,-1.93279,-2.071454667,761,375.7,375.7,504.1333333,31,15.4,1.5,1.526666667,200,184
Ta-S1,0.04075588,1.975,1.962,1.975,1.970666667,100.605,99.208,99.21,99.67433333,3.012,-3.312144737,0.2077,0.2158,0.2075,0.210333333,-2.0139,7.110667,10.071061,10.052904,10.06587,10.06327833,12,12,1.110667,-1.928939,-1.947096,-1.93413,-1.936721667,375.7,375.7,375.7,375.7,7.6,7.6,1.54,1.54,176,176
Ta-S2,0.08450423,1.956,1.957,1.977,1.963333333,98.194,99.537,99.54,99.09033333,3.011,-3.359984616,0.2067,0.3077,0.2049,0.239766667,-2.0139,7.102693,10.06587,10.068925,10.070086,10.06829367,12,12,1.102693,-1.93413,-1.931075,-1.929914,-1.931706333,375.7,375.7,375.7,375.7,7.6,7.6,1.54,1.54,176,176
Ti-S0,0.10887018,1.965,1.966,1.966,1.965666667,100.012,100.02,100.015,100.0156667,3.012,-3.26250346,0.1413,0.141,0.1424,0.141566667,-2.1693,7.10724,10.058074,10.058039,10.058025,10.058046,12,12,1.10724,-1.941926,-1.941961,-1.941975,-1.941954,375.7,375.7,375.7,375.7,7.6,7.6,1.54,1.54,176,176
Ti-S1,0.10887059,1.965,1.966,1.966,1.965666667,100.013,100.02,100.015,100.016,3.012,-3.262897903,0.1445,0.1457,0.1427,0.1443,-2.1693,7.107283,10.058188,10.058162,10.058025,10.058125,12,12,1.107283,-1.941812,-1.941838,-1.941975,-1.941875,375.7,375.7,375.7,375.7,7.6,7.6,1.54,1.54,176,176
Ti-S2,0.10887144,1.965,1.966,1.966,1.965666667,100.013,100.019,100.018,100.0166667,3.012,-3.261591519,0.1433,0.1433,0.1419,0.142833333,-2.1693,7.107252,10.058025,10.058183,10.057855,10.058021,12,12,1.107252,-1.941975,-1.941817,-1.942145,-1.941979,375.7,375.7,375.7,375.7,7.6,7.6,1.54,1.54,176,176
V-S0,-0.12643408,2.053,1.934,1.934,1.973666667,99.8,97.534,97.537,98.29033333,2.931,-3.335520008,-0.692,0.0045,0.0047,-0.2276,-2.1141,7.073406,11.258086,10.051671,10.045174,10.45164367,13,12.33333333,1.073406,-1.741914,-1.948329,-1.954826,-1.881689667,650.9,375.7,375.7,467.4333333,50.6,21.93333333,1.63,1.57,171,174.3333333
V-S1,0.01727684,1.961,1.971,1.961,1.964333333,100.222,100.491,100.49,100.401,3.017,-3.293161591,0.0046,-0.0129,0.0048,-0.001166667,-2.1141,7.107496,10.043019,10.054558,10.051671,10.04974933,12,12,1.107496,-1.956981,-1.945442,-1.948329,-1.950250667,375.7,375.7,375.7,375.7,7.6,7.6,1.54,1.54,176,176
V-S2,0.05935475,1.956,1.957,1.984,1.965666667,101.798,99.078,99.079,99.985,3.014,-3.349115232,0.0063,0.1657,0.0051,0.059033333,-2.1141,7.10506,10.051671,10.046293,10.07647,10.05814467,12,12,1.10506,-1.948329,-1.953707,-1.92353,-1.941855333,375.7,375.7,375.7,375.7,7.6,7.6,1.54,1.54,176,176
W-S0,-0.02282339,2.085,1.978,1.978,2.013666667,98.536,96.394,96.399,97.10966667,2.976,-3.384396807,-2.0817,0.1968,0.1938,-0.5637,-2.16,7.07503,4.108722,10.063705,10.063627,8.078684667,6,10,1.07503,-1.891278,-1.936295,-1.936373,-1.921315333,770,375.7,375.7,507.1333333,78.6,31.26666667,2.36,1.813333333,193,181.6666667
W-S1,2.99E-05,1.972,1.963,1.972,1.969,100.793,99.91,99.907,100.2033333,3.019,-3.21844534,0.1921,0.153,0.1944,0.179833333,-2.16,7.109534,10.063362,10.04557,10.063705,10.05754567,12,12,1.109534,-1.936638,-1.95443,-1.936295,-1.942454333,375.7,375.7,375.7,375.7,7.6,7.6,1.54,1.54,176,176
W-S2,0.07327152,1.95,1.95,1.99,1.963333333,99.904,98.806,98.808,99.17266667,3.012,-3.294901316,0.189,0.243,0.1956,0.2092,-2.16,7.098372,10.063705,10.060516,10.078286,10.06750233,12,12,1.098372,-1.936295,-1.939484,-1.921714,-1.932497667,375.7,375.7,375.7,375.7,7.6,7.6,1.54,1.54,176,176
Y-S0,-0.55703464,2.133,1.947,1.947,2.009,103.17,99.219,99.217,100.5353333,3.585,-2.643533729,-1.5742,1.0713,1.0737,0.190266667,-2.6938,7.152581,9.019153,10.064098,10.065773,9.716341333,11,11.66666667,1.152581,-1.980847,-1.935902,-1.934227,-1.950325333,600,375.7,375.7,450.4666667,29.6,14.93333333,1.22,1.433333333,212,188
Y-S1,-0.42770457,1.986,1.958,1.986,1.976666667,101.332,100.152,100.147,100.5436667,3.02,-2.499642181,1.0738,1.1146,1.074,1.087466667,-2.6938,7.123107,10.066138,10.046661,10.064098,10.05896567,12,12,1.123107,-1.933862,-1.953339,-1.935902,-1.941034333,375.7,375.7,375.7,375.7,7.6,7.6,1.54,1.54,176,176
Y-S2,-0.48510709,1.96,1.96,1.938,1.952666667,98.811,101.293,101.287,100.4636667,2.993,-2.573743189,1.0718,0.953,1.0745,1.0331,-2.6938,7.090667,10.064098,10.050628,10.027775,10.04750033,12,12,1.090667,-1.935902,-1.949372,-1.972225,-1.952499667,375.7,375.7,375.7,375.7,7.6,7.6,1.54,1.54,176,176
Zn-S0,-0.98170029,2.131,1.893,1.893,1.972333333,103.173,95.314,95.315,97.934,3.239,-2.260331179,-5.3875,0.9731,0.9738,-1.146866667,-2.9992,7.066471,10.868952,10.024961,10.030122,10.30801167,12,12,1.066471,-1.131048,-1.975039,-1.969878,-1.691988333,906.4,375.7,375.7,552.6,0,5.066666667,1.65,1.576666667,142,164.6666667
Zn-S1,-0.62031463,1.954,1.973,1.954,1.960333333,99.689,101.224,101.223,100.712,3,-2.465819161,0.9714,1.1045,0.9746,1.016833333,-2.9992,7.108198,10.033579,10.060301,10.024961,10.03961367,12,12,1.108198,-1.966421,-1.939699,-1.975039,-1.960386333,375.7,375.7,375.7,375.7,7.6,7.6,1.54,1.54,176,176
Zn-S2,-0.67713902,1.969,1.969,1.944,1.960666667,102.995,101.234,101.233,101.8206667,3.005,-2.368403361,0.9671,1.0902,0.9687,1.008666667,-2.9992,7.104458,10.024961,10.024205,10.028133,10.02576633,12,12,1.104458,-1.975039,-1.975795,-1.971867,-1.974233667,375.7,375.7,375.7,375.7,7.6,7.6,1.54,1.54,176,176
Zr-S0,0.23463941,2.047,1.985,1.985,2.005666667,101.063,99.196,99.195,99.818,3.285,-3.323412536,-0.5218,0.2959,0.3019,0.025333333,-2.0968,7.154939,9.743568,10.059382,10.06005,9.954333333,12,12,1.154939,-2.256432,-1.940618,-1.93995,-2.045666667,640.1,375.7,375.7,463.8333333,41.1,18.76666667,1.33,1.47,206,186
Zr-S1,0.10697383,1.98,1.956,1.98,1.972,101.044,99.715,99.712,100.157,3.013,-3.194299486,0.2988,0.2496,0.3018,0.2834,-2.0968,7.113011,10.064993,10.052588,10.059382,10.05898767,12,12,1.113011,-1.935007,-1.947412,-1.940618,-1.941012333,375.7,375.7,375.7,375.7,7.6,7.6,1.54,1.54,176,176
Zr-S2,0.09660171,1.96,1.96,1.957,1.959,98.1,100.576,100.574,99.75,3.004,-3.25030499,0.2988,0.1817,0.2973,0.259266667,-2.0968,7.100821,10.059382,10.058275,10.053397,10.057018,12,12,1.100821,-1.940618,-1.941725,-1.946603,-1.942982,375.7,375.7,375.7,375.7,7.6,7.6,1.54,1.54,176,176
